{"cameraMode":{"drawMode":0,"name":"Shaded","section":"Shading Mode"},"sceneLighting":true,"audioPlay":false,"sceneViewState":{"showFog":true,"showMaterialUpdate":false,"showSkybox":true,"showFlares":true,"showImageEffects":true,"showParticleSystems":true},"in2DMode":false,"pivot":{"x":26.76835060119629,"y":-15.782384872436524,"z":61.35668182373047},"rotation":{"x":-0.12924416363239289,"y":-0.19878126680850984,"z":0.02645518258213997,"w":-0.9711240530014038},"size":40.407493591308597,"orthographic":false}